Workbook

Sheet Summary & Charts
A1: How Sleep Shapes the Day
A2: The sleeping schedules and moods have some insightful numbers. This analysis shows organising numbers by looking at 4 areas: the moods people wake up with, how sleep quality shifts with different moods, how sleep quality moves up and down over time, and whether longer sleep hours lead to better rest. Here, good moods appeared on 68% of mornings. But do longer nights always lead to better days? The patterns offered clues.
L6: Better nights leave better mornings. Could just a little more rest turn a neutral day into a good one? Good mood days had the highest sleep quality, near 85–90%. Neutral moods came with lower sleep quality.
E7: Most days began like clear skies and, good mood. But what made some mornings cloudy? Neutral moods are isabout 26%, and unknown moods were rare.
F21: Does sleeping longer bring better sleep? The dots show a soft pattern. Longer sleep often came with higher quality, but not always. More than 6 hours really feels like enough | H21: This line follows how sleep quality moved day by day. Some days touched almost 100%. And others dropped lower.

Sheet Processed Data
A1: Metric | B1: Value | D1: Mood Count | G1: Start | H1: Sleep quality | J1: Sleep quality | K1: Time in bed | L1: Hours
A2: Average Sleep Quality | B2: =AVERAGE('Sleeping Data'!C2:C32) -> 0.77612903 | D2: Good | E2: =COUNTIF('Sleeping Data'!F2:F32, "Good") -> 21 | G2: 42002.957 | H2: 1 | J2: 1 | K2: 0.35555556 | L2: =HOUR(K2) + (MINUTE(K2)/60) + (SECOND(K2)/3600) -> 8.5333333
A3: Average Sleep Hours | B3: =AVERAGE('Sleeping Data'!D2:D32) -> 0.30815412 | D3: Neutral | E3: =COUNTIF('Sleeping Data'!F2:F32, "Neutral") -> 8 | G3: 42003.887 | H3: 0.03 | J3: 0.03 | K3: 0.011111111 | L3: =HOUR(K3) + (MINUTE(K3)/60) + (SECOND(K3)/3600) -> 0.26666667
D4: Unknown | E4: =COUNTIF('Sleeping Data'!F2:F32, "Unknown") -> 2 | G4: 42003.946 | H4: 0.98 | J4: 0.98 | K4: 0.35416667 | L4: =HOUR(K4) + (MINUTE(K4)/60) + (SECOND(K4)/3600) -> 8.5
G5: 42004.938 | H5: 0.65 | J5: 0.65 | K5: 0.31388889 | L5: =HOUR(K5) + (MINUTE(K5)/60) + (SECOND(K5)/3600) -> 7.5333333
D6: Mood | E6: Average Sleep Quality | G6: 42005.925 | H6: 0.72 | J6: 0.72 | K6: 0.28055556 | L6: =HOUR(K6) + (MINUTE(K6)/60) + (SECOND(K6)/3600) -> 6.7333333
D7: Good | E7: =AVERAGEIF('Sleeping Data'!F2:F32, "Good", 'Sleeping Data'!C2:C32) -> 0.80190476 | G7: 42007.024 | H7: 0.83 | J7: 0.83 | K7: 0.3 | L7: =HOUR(K7) + (MINUTE(K7)/60) + (SECOND(K7)/3600) -> 7.2
D8: Neutral | E8: =AVERAGEIF('Sleeping Data'!F2:F32, "Neutral", 'Sleeping Data'!C2:C32) -> 0.72375 | G8: 42008.016 | H8: 0.78 | J8: 0.78 | K8: 0.30138889 | L8: =HOUR(K8) + (MINUTE(K8)/60) + (SECOND(K8)/3600) -> 7.2333333
D9: Unknown | E9: =AVERAGEIF('Sleeping Data'!F2:F32, "Unknown", 'Sleeping Data'!C2:C32) -> 0.715 | G9: 42008.899 | H9: 0.78 | J9: 0.78 | K9: 0.30416667 | L9: =HOUR(K9) + (MINUTE(K9)/60) + (SECOND(K9)/3600) -> 7.3
G10: 42009.898 | H10: 0.69 | J10: 0.69 | K10: 0.31041667 | L10: =HOUR(K10) + (MINUTE(K10)/60) + (SECOND(K10)/3600) -> 7.45
G11: 42010.892 | H11: 0.74 | J11: 0.74 | K11: 0.31597222 | L11: =HOUR(K11) + (MINUTE(K11)/60) + (SECOND(K11)/3600) -> 7.5833333
G12: 42011.875 | H12: 0.81 | J12: 0.81 | K12: 0.38819444 | L12: =HOUR(K12) + (MINUTE(K12)/60) + (SECOND(K12)/3600) -> 9.3166667
G13: 42012.957 | H13: 0.88 | J13: 0.88 | K13: 0.30277778 | L13: =HOUR(K13) + (MINUTE(K13)/60) + (SECOND(K13)/3600) -> 7.2666667
G14: 42013.936 | H14: 0.77 | J14: 0.77 | K14: 0.37569444 | L14: =HOUR(K14) + (MINUTE(K14)/60) + (SECOND(K14)/3600) -> 9.0166667
G15: 42014.943 | H15: 0.89 | J15: 0.89 | K15: 0.36805556 | L15: =HOUR(K15) + (MINUTE(K15)/60) + (SECOND(K15)/3600) -> 8.8333333
G16: 42015.925 | H16: 0.78 | J16: 0.78 | K16: 0.33888889 | L16: =HOUR(K16) + (MINUTE(K16)/60) + (SECOND(K16)/3600) -> 8.1333333
G17: 42016.876 | H17: 1 | J17: 1 | K17: 0.38263889 | L17: =HOUR(K17) + (MINUTE(K17)/60) + (SECOND(K17)/3600) -> 9.1833333
G18: 42017.927 | H18: 1 | J18: 1 | K18: 0.3375 | L18: =HOUR(K18) + (MINUTE(K18)/60) + (SECOND(K18)/3600) -> 8.1
G19: 42018.909 | H19: 0.88 | J19: 0.88 | K19: 0.30069444 | L19: =HOUR(K19) + (MINUTE(K19)/60) + (SECOND(K19)/3600) -> 7.2166667
G20: 42019.897 | H20: 0.87 | J20: 0.87 | K20: 0.30694444 | L20: =HOUR(K20) + (MINUTE(K20)/60) + (SECOND(K20)/3600) -> 7.3666667
G21: 42021.092 | H21: 0.83 | J21: 0.83 | K21: 0.28541667 | L21: =HOUR(K21) + (MINUTE(K21)/60) + (SECOND(K21)/3600) -> 6.85
... G32: 42035.01 | H32: 0.93 | J32: 0.93 | K32: 0.33541667 | L32: =HOUR(K32) + (MINUTE(K32)/60) + (SECOND(K32)/3600) -> 8.05

Sheet Sleeping Data
A1: Start | B1: End | C1: Sleep quality | D1: Time in bed | E1: Wake up | F1: Wake up Mood | G1: Sleep Notes | H1: Heart rate | I1: Activity (steps)
A2: 42002.957 | B2: 42003.313 | C2: 1 | D2: 0.35555556 | E2: :) | F2: =IF(E2=":)", "Good", IF(E2=":|", "Neutral", "Unknown")) -> Good | H2: 59 | I2: 0
A3: 42003.887 | B3: 42003.899 | C3: 0.03 | D3: 0.011111111 | E3: :| | F3: =IF(E3=":)", "Good", IF(E3=":|", "Neutral", "Unknown")) -> Neutral | G3: Stressful day | H3: 72 | I3: 0
A4: 42003.946 | B4: 42004.301 | C4: 0.98 | D4: 0.35416667 | E4: :| | F4: =IF(E4=":)", "Good", IF(E4=":|", "Neutral", "Unknown")) -> Neutral | H4: 57 | I4: 0
A5: 42004.938 | B5: 42005.252 | C5: 0.65 | D5: 0.31388889 | F5: =IF(E5=":)", "Good", IF(E5=":|", "Neutral", "Unknown")) -> Unknown | I5: 0
A6: 42005.925 | B6: 42006.206 | C6: 0.72 | D6: 0.28055556 | E6: :) | F6: =IF(E6=":)", "Good", IF(E6=":|", "Neutral", "Unknown")) -> Good | G6: Drank coffee:Drank tea | H6: 68 | I6: 0
A7: 42007.024 | B7: 42007.325 | C7: 0.83 | D7: 0.3 | E7: :) | F7: =IF(E7=":)", "Good", IF(E7=":|", "Neutral", "Unknown")) -> Good | G7: Drank coffee:Drank tea | H7: 60 | I7: 0
A8: 42008.016 | B8: 42008.317 | C8: 0.78 | D8: 0.30138889 | F8: =IF(E8=":)", "Good", IF(E8=":|", "Neutral", "Unknown")) -> Unknown | G8: Drank tea | I8: 0
A9: 42008.899 | B9: 42009.204 | C9: 0.78 | D9: 0.30416667 | E9: :) | F9: =IF(E9=":)", "Good", IF(E9=":|", "Neutral", "Unknown")) -> Good | G9: Ate late:Drank coffee | H9: 57 | I9: 0
A10: 42009.898 | B10: 42010.208 | C10: 0.69 | D10: 0.31041667 | E10: :) | F10: =IF(E10=":)", "Good", IF(E10=":|", "Neutral", "Unknown")) -> Good | G10: Drank coffee:Drank tea:Worked out | H10: 56 | I10: 0
A11: 42010.892 | B11: 42011.208 | C11: 0.74 | D11: 0.31597222 | E11: :| | F11: =IF(E11=":)", "Good", IF(E11=":|", "Neutral", "Unknown")) -> Neutral | G11: Drank tea:Worked out | H11: 64 | I11: 0
A12: 42011.875 | B12: 42012.263 | C12: 0.81 | D12: 0.38819444 | E12: :) | F12: =IF(E12=":)", "Good", IF(E12=":|", "Neutral", "Unknown")) -> Good | G12: Drank coffee:Drank tea:Stressful day | H12: 62 | I12: 0
A13: 42012.957 | B13: 42013.26 | C13: 0.88 | D13: 0.30277778 | E13: :) | F13: =IF(E13=":)", "Good", IF(E13=":|", "Neutral", "Unknown")) -> Good | G13: Drank coffee:Drank tea | H13: 58 | I13: 0
A14: 42013.936 | B14: 42014.312 | C14: 0.77 | D14: 0.37569444 | E14: :| | F14: =IF(E14=":)", "Good", IF(E14=":|", "Neutral", "Unknown")) -> Neutral | G14: Drank coffee:Drank tea | H14: 65 | I14: 0
A15: 42014.943 | B15: 42015.312 | C15: 0.89 | D15: 0.36805556 | E15: :| | F15: =IF(E15=":)", "Good", IF(E15=":|", "Neutral", "Unknown")) -> Neutral | G15: Drank coffee:Drank tea | H15: 65 | I15: 0
A16: 42015.925 | B16: 42016.264 | C16: 0.78 | D16: 0.33888889 | E16: :) | F16: =IF(E16=":)", "Good", IF(E16=":|", "Neutral", "Unknown")) -> Good | G16: Drank tea | H16: 53 | I16: 0
A17: 42016.876 | B17: 42017.259 | C17: 1 | D17: 0.38263889 | E17: :) | F17: =IF(E17=":)", "Good", IF(E17=":|", "Neutral", "Unknown")) -> Good | G17: Drank tea:Worked out | H17: 65 | I17: 0
A18: 42017.927 | B18: 42018.264 | C18: 1 | D18: 0.3375 | E18: :) | F18: =IF(E18=":)", "Good", IF(E18=":|", "Neutral", "Unknown")) -> Good | G18: Drank coffee:Drank tea | H18: 55 | I18: 0
A19: 42018.909 | B19: 42019.21 | C19: 0.88 | D19: 0.30069444 | E19: :) | F19: =IF(E19=":)", "Good", IF(E19=":|", "Neutral", "Unknown")) -> Good | G19: Drank coffee:Drank tea:Worked out | H19: 60 | I19: 0
A20: 42019.897 | B20: 42020.205 | C20: 0.87 | D20: 0.30694444 | E20: :) | F20: =IF(E20=":)", "Good", IF(E20=":|", "Neutral", "Unknown")) -> Good | G20: Drank tea | H20: 60 | I20: 0
... A23: 42022.911 | B23: 42023.211 | C23: 0.58 | D23: 0.3 | E23: :) | F23: =IF(E23=":)", "Good", IF(E23=":|", "Neutral", "Unknown")) -> Good | G23: Drank coffee | H23: 67 | I23: 0
A24: 42023.213 | B24: 42023.264 | C24: 0.16 | D24: 0.050694444 | E24: :) | F24: =IF(E24=":)", "Good", IF(E24=":|", "Neutral", "Unknown")) -> Good | H24: 58 | I24: 0
A25: 42023.906 | B25: 42024.24 | C25: 0.75 | D25: 0.33333333 | E25: :| | F25: =IF(E25=":)", "Good", IF(E25=":|", "Neutral", "Unknown")) -> Neutral | G25: Drank coffee:Drank tea:Worked out | H25: 54 | I25: 0
A26: 42024.905 | B26: 42025.24 | C26: 0.8 | D26: 0.33472222 | E26: :| | F26: =IF(E26=":)", "Good", IF(E26=":|", "Neutral", "Unknown")) -> Neutral | G26: Drank coffee:Drank tea:Worked out | H26: 60 | I26: 0
A27: 42025.941 | B27: 42026.262 | C27: 0.87 | D27: 0.32083333 | E27: :) | F27: =IF(E27=":)", "Good", IF(E27=":|", "Neutral", "Unknown")) -> Good | G27: Drank coffee:Drank tea:Worked out | H27: 75 | I27: 0
A28: 42029.872 | B28: 42030.26 | C28: 0.87 | D28: 0.38819444 | E28: :) | F28: =IF(E28=":)", "Good", IF(E28=":|", "Neutral", "Unknown")) -> Good | G28: Drank coffee | H28: 58 | I28: 0
A29: 42030.942 | B29: 42031.258 | C29: 0.83 | D29: 0.31597222 | E29: :| | F29: =IF(E29=":)", "Good", IF(E29=":|", "Neutral", "Unknown")) -> Neutral | G29: Drank coffee:Drank tea:Stressful day | H29: 66 | I29: 0
A30: 42032.905 | B30: 42033.223 | C30: 0.76 | D30: 0.31736111 | E30: :) | F30: =IF(E30=":)", "Good", IF(E30=":|", "Neutral", "Unknown")) -> Good | G30: Drank coffee:Drank tea:Stressful day | H30: 57 | I30: 0
A31: 42033.933 | B31: 42034.229 | C31: 0.67 | D31: 0.29513889 | E31: :) | F31: =IF(E31=":)", "Good", IF(E31=":|", "Neutral", "Unknown")) -> Good | G31: Drank coffee:Drank tea:Worked out | H31: 63 | I31: 0
A32: 42035.01 | B32: 42035.345 | C32: 0.93 | D32: 0.33541667 | E32: :) | F32: =IF(E32=":)", "Good", IF(E32=":|", "Neutral", "Unknown")) -> Good | G32: Drank coffee:Drank tea:Stressful day | H32: 62 | I32: 0
